{
    "aluno": {
        "nome": "Pedro Henrique Canuto",
        "miniBio": "Sou o Pedro, tenho 19 anos! Recentemente mudei para Belo-Horizonte para cursar Sistemas De Informação na PU-MINAS",
        "redesSociais": {
            "linkedin": "https://www.linkedin.com/in/pedro-canuto-b8b98b30a/",
            "github": "https://github.com/PedroCanutoo",
            "instagram": "https://www.instagram.com/pedrocanutoo/"
        },
        "curso": "Sistemas De Informação",
        "turma": "Turma 1 - Manhã",
        "foto": "https://pm1.aminoapps.com/8383/330f11b12ca593f1b0e01bbf17fff133291c2ba0r1-739-415v2_uhq.jpg"
    }
}
