[
    {
        "nome": "Caminhada",
        "caloriasPorMinuto": 5
    },
    {
        "nome": "Corrida",
        "caloriasPorMinuto": 10
    },
    {
        "nome": "Ciclismo",
        "caloriasPorMinuto": 8
    },
    {
        "nome": "Natação",
        "caloriasPorMinuto": 12
    },
    {
        "nome": "Yoga",
        "caloriasPorMinuto": 4
    },
    {
        "nome": "Pular Corda",
        "caloriasPorMinuto": 13
    },
    {
        "nome": "Musculação",
        "caloriasPorMinuto": 7
    },
    {
        "nome": "Dança",
        "caloriasPorMinuto": 6
    },
    {
        "nome": "Futebol",
        "caloriasPorMinuto": 11
    }
]
